n,avgIfdsBrightnessValue,make,model,modelName,makeName
19#4042,-8.574845731,19,4042,DROID_RAZR_HD,Motorola
19#3969,-5.2890625,19,3969,DROIDX32ec0021ffd800000a3a92,Motorola
318#4158,-5,318,4158,Spca1528,SunplusMM
99#1072,-5,99,1072,TDC5010,YASHICA
44#286,-5,44,286,DV,
51#2175,-4.2,51,2175,Vivicam,DigitalCamera
24#4306,-3.705,24,4306,FinePixHS28EXR,FUJIFILM
69#3001,-3.2,69,3001,dr4,Rollei
78#767,-3,78,767,TransformerPrimeTF201,ASUS
78#953,-3,78,953,Nexus7,ASUS
78#3716,-3,78,3716,TransformerTF101,ASUS
78#3918,-3,78,3918,ASUSTransformerPadTF300T,ASUS
78#3985,-3,78,3985,ASUSTransformerPadTF700T,ASUS
73#727,-2.920689655,73,727,RDC-7,RICOH
39#2191,-2.877748843,39,2191,HPPhotoSmartR727(V01.00),Hewlett-Packard
19#3512,-2.4375,19,3512,DROIDX61940001fff80000015a9c,Motorola
24#3064,-2.42,24,3064,FinePixF50SE,FUJIFILM
19#3709,-2.30078125,19,3709,DROIDPRO11960021ffd80000015,Motorola
96#1631,-2.257142857,96,1631,KonicaDigitalCameraKD-500Z,KonicaCorporation
61#1314,-2,61,1314,Nexus10,Google
15#4254,-1.970586,15,4254,One,HTC
212#2553,-1.782897059,212,2553,AL730,Altek
39#2871,-1.671875,39,2871,HPPhotoSmartR717(V01.00)d,Hewlett-Packard
24#4081,-1.67,24,4081,FinePixS2970,FUJIFILM
96#2314,-1.621428571,96,2314,KonicaDigitalCameraKD-310Z,KonicaCorporation
24#565,-1.62126087,24,565,FujifilmA170A180,FUJIFILM
51#3193,-1.5,51,3193,Best,DigitalCamera
19#3610,-1.46484375,19,3610,DROIDX75280001ffd800000a3a9d,Motorola
19#4208,-1.45703125,19,4208,DROIDX28b80001ffd80000015ed9,Motorola
24#4005,-1.4,24,4005,FinePixJZ310,FUJIFILM
19#3943,-1.303385417,19,3943,DROIDX55680001ffd800000a3a56,Motorola
39#2518,-1.290193257,39,2518,HPPhotoSmartC850(V05.42),Hewlett-Packard
51#1608,-1.091666667,51,1608,ND-4020DigitalCamera,DigitalCamera
19#633,-1,19,633,XT1092,Motorola
19#1344,-1,19,1344,MotoE2,Motorola
19#1345,-1,19,1345,XT1022,Motorola
19#1346,-1,19,1346,XT1068,Motorola
19#1347,-1,19,1347,XT1225,Motorola
19#1406,-1,19,1406,XT1080,Motorola
19#1795,-1,19,1795,XT1033,Motorola
19#1902,-1,19,1902,XT1052,Motorola
19#1961,-1,19,1961,XT1049,Motorola
19#2003,-1,19,2003,XT1021,Motorola
19#2004,-1,19,2004,XT1032,Motorola
19#2291,-1,19,2291,XT1034,Motorola
19#2472,-1,19,2472,XT1056,Motorola
19#2473,-1,19,2473,XT1060,Motorola
15#2088,-0.980128182,15,2088,HTC_One_max,HTC
39#551,-0.94921875,39,551,HPPhotosmartM22(V01.00)+,Hewlett-Packard
86#3804,-0.901,86,3804,940SH,SHARP
24#3996,-0.89,24,3996,FinePixS2995,FUJIFILM
19#3833,-0.853515625,19,3833,DROIDPro,Motorola
24#2873,-0.785,24,2873,FinePixZ3,FUJIFILM
24#4249,-0.75,24,4249,FinePixAX330,FUJIFILM
5#3470,-0.7,5,3470,GT-i7500,SAMSUNG
5#2073,-0.636666667,5,2073,SM-N900T,SAMSUNG
19#3644,-0.625,19,3644,DROIDX402a0001ffd80000015d6d,Motorola
7#4078,-0.56484375,7,4078,SonyNEX-5NwithCanonFD85m,Sony
19#2478,-0.550347222,19,2478,MB5250caa0002ffd80000016099c,Motorola
19#4025,-0.53349253,19,4025,XT907,Motorola
39#3029,-0.504788306,39,3029,HPPhotoSmartR927(V01.00)d,Hewlett-Packard
39#3098,-0.4921875,39,3098,HPPhotoSmartR507(V01.00)d,Hewlett-Packard
5#4192,-0.42,5,4192,SHV-E110S,SAMSUNG
73#4048,-0.3,73,4048,CX6,RICOH
7#4077,-0.25234375,7,4077,SonyNEX-5NwithKonicaHexan,Sony
19#3955,-0.1640625,19,3955,A95340580002ffdc000001681263,Motorola
24#3635,-0.12,24,3635,FinePixAV130,FUJIFILM
4#3770,-0.1,4,3770,HM-TA1,Panasonic
4#4190,-0.1,4,4190,HX-WA30,Panasonic
73#4260,-0.1,73,4260,PX.,RICOH
142#1595,-0.1,142,1595,HMX20,SamsungElectronics
26#1565,-0.1,26,1565,VLUUL77/L77DigitalCamera,SamsungTechwin
74#728,-0.1,74,728,HD1000,SANYOElectricCo.Ltd.
74#1026,-0.1,74,1026,CA8,SANYOElectricCo.Ltd.
74#1228,-0.1,74,1228,HD800,SANYOElectricCo.Ltd.
74#1603,-0.1,74,1603,CA65,SANYOElectricCo.Ltd.
74#2018,-0.1,74,2018,CA9,SANYOElectricCo.Ltd.
74#2029,-0.1,74,2029,HD1010,SANYOElectricCo.Ltd.
74#2193,-0.1,74,2193,CA100,SANYOElectricCo.Ltd.
74#2194,-0.1,74,2194,HD2000,SANYOElectricCo.Ltd.
74#2219,-0.1,74,2219,CG6,SANYOElectricCo.Ltd.
74#2335,-0.1,74,2335,HD2,SANYOElectricCo.Ltd.
74#3053,-0.1,74,3053,HD700,SANYOElectricCo.Ltd.
74#3377,-0.1,74,3377,FH1,SANYOElectricCo.Ltd.
74#3392,-0.1,74,3392,CG9,SANYOElectricCo.Ltd.
74#3405,-0.1,74,3405,CG10,SANYOElectricCo.Ltd.
74#3545,-0.1,74,3545,X1250,SANYOElectricCo.Ltd.
74#3616,-0.1,74,3616,E2,SANYOElectricCo.Ltd.
74#4061,-0.1,74,4061,CG20,SANYOElectricCo.Ltd.
74#4149,-0.1,74,4149,CG65,SANYOElectricCo.Ltd.
74#4323,-0.1,74,4323,FH1A,SANYOElectricCo.Ltd.
38#828,-0.050000003,38,828,DiMAGEE323,MinoltaCo.Ltd.
126#1404,0,126,1404,WP-S1,AMOI
14#35,0,14,35,CanonEOS500D,Canon
14#138,0,14,138,CanonEOS5DMarkII,Canon
14#184,0,14,184,CanonEOS40D,Canon
14#185,0,14,185,CanonEOS7D,Canon
14#304,0,14,304,CanonEOS5D,Canon
18#841,0,18,841,KODAKEASYSHAREZ915DIGITAL,EASTMANKODAKCOMPANY
18#942,0,18,942,KODAKEASYSHAREZ1085ISZOOM,EASTMANKODAKCOMPANY
18#956,0,18,956,KODAKEASYSHAREZ1012ISDigi,EASTMANKODAKCOMPANY
18#1408,0,18,1408,KODAKEASYSHAREZ950DIGITAL,EASTMANKODAKCOMPANY
18#1476,0,18,1476,KODAKEASYSHAREM1033DIGITAL,EASTMANKODAKCOMPANY
18#1698,0,18,1698,KODAKPLAYSPORTVideoCamera,EASTMANKODAKCOMPANY
18#3119,0,18,3119,KODAKEASYSHAREV1273DIGITAL,EASTMANKODAKCOMPANY
18#3126,0,18,3126,KODAKEASYSHAREZ8612ISDigi,EASTMANKODAKCOMPANY
18#3168,0,18,3168,KODAKEASYSHAREM1093ISDIGI,EASTMANKODAKCOMPANY
18#3229,0,18,3229,KODAKEASYSHAREV1073DIGITAL,EASTMANKODAKCOMPANY
18#3324,0,18,3324,KODAKEASYSHAREM380DIGITAL,EASTMANKODAKCOMPANY
18#3356,0,18,3356,KODAKEASYSHAREC190DIGITAL,EASTMANKODAKCOMPANY
18#3370,0,18,3370,KODAKEASYSHAREZ1485ISDIGI,EASTMANKODAKCOMPANY
190#2287,0,190,2287,SPH-M800,ES.M800
24#2806,0,24,2806,MX-500,FUJIFILM
24#3282,0,24,3282,MX-700,FUJIFILM
24#4312,0,24,4312,FinePix600Z,FUJIFILM
15#1323,0,15,1323,HTCOneX+,HTC
15#1837,0,15,1837,HTCSmart,HTC
63#1648,0,63,1648,HUAWEIP7-L10,HUAWEI
63#2114,0,63,2114,MediaPad10FHD,HUAWEI
63#2115,0,63,2115,MediaPadM18,HUAWEI
63#2492,0,63,2492,HUAWEIU9508,HUAWEI
63#2501,0,63,2501,HUAWEIP7-L00,HUAWEI
63#3954,0,63,3954,U9200,HUAWEI
257#3203,0,257,3203,KP202,LGELEC
257#3350,0,257,3350,Mobile,LGELEC
257#3772,0,257,3772,KP17X,LGELEC
147#4175,0,147,4175,KB775F,LGElec.
16#43,0,16,43,LG-VX8575,LGElectronics
16#527,0,16,527,LG-SU540,LGElectronics
16#528,0,16,528,LG-SU870,LGElectronics
16#1337,0,16,1337,LG-P765,LGElectronics
16#2028,0,16,2028,LG-P940,LGElectronics
16#2509,0,16,2509,LG-P940.,LGElectronics
206#2028,0,206,2028,LG-P940,LGElectronics.
206#2509,0,206,2509,LG-P940.,LGElectronics.
207#2028,0,207,2028,LG-P940,LGElectronics=
208#2511,0,208,2511,LG-P940u,LGElectronicsp
246#3031,0,246,3031,MG295d,LGMobile
118#1340,0,118,1340,W121,MICROMAX
19#850,0,19,850,DROIDRAZR,Motorola
19#851,0,19,851,DROIDRAZR=,Motorola
19#852,0,19,852,DROIDRAZRe,Motorola
19#853,0,19,853,DROIDRAZRP,Motorola
19#1411,0,19,1411,Nexus6,Motorola
19#2401,0,19,2401,DROIDBIONIC,Motorola
81#848,0,81,848,DROIDRAZRo,motorola1
82#849,0,82,849,DROIDRAZRu,motorola5
83#854,0,83,854,DROIDRAZRt,motorolae
84#855,0,84,855,DROIDRAZRa,motorolai
85#856,0,85,856,DROIDRAZRs,motorolam
6#16,0,6,16,NIKOND70s,Nikon Corporation
6#162,0,6,162,NIKOND40,Nikon Corporation
202#2807,0,202,2807,DS6688A,OregonScientific
202#3699,0,202,3699,PV100,OregonScientific
4#309,0,4,309,DMC-GF1,Panasonic
4#636,0,4,636,DMC-F3,Panasonic
4#1260,0,4,1260,DMC-FX8,Panasonic
70#2252,0,70,2252,P7040,PANTECH
101#1087,0,101,1087,IX-30,PRIMAX
283#2130,0,283,2130,1.3Megapixel,Q6055BSKAXLZ33701
275#3348,0,275,3348,2Megapixel,Q6085Bsnaxaz33504
20#4002,0,20,4002,Blackberry10DevAlpha,ResearchInMotion
73#4008,0,73,4008,GXRMOUNTA12,RICOH
73#4112,0,73,4112,GXRMOUNTA12_CBiogonT*28,RICOH
5#112,0,5,112,GalaxyNexus,SAMSUNG
5#155,0,5,155,SAMSUNGST60/VLUUST60/SA,SAMSUNG
5#301,0,5,301,GT-I9195,SAMSUNG
5#2373,0,5,2373,GT-P7510,SAMSUNG
5#3528,0,5,3528,SAMSUNGWP10/VLUUWP10/SA,SAMSUNG
5#3798,0,5,3798,GT-P7500,SAMSUNG
5#3857,0,5,3857,GT-E2370,SAMSUNG
5#3898,0,5,3898,GT-E2121B,SAMSUNG
5#3935,0,5,3935,GalaxyX,SAMSUNG
5#4003,0,5,4003,SGH-I927,SAMSUNG
5#4198,0,5,4198,GT-I9103,SAMSUNG
330#4314,0,330,4314,GT-E2120L,SAMSUNG.L...
142#2167,0,142,2167,G80L,SamsungElectronics
142#2265,0,142,2265,SGH-F480,SamsungElectronics
142#2566,0,142,2566,U700,SamsungElectronics
26#3059,0,26,3059,<SamsungNV3SamsungVLUUNV,SamsungTechwin
74#1784,0,74,1784,C1,SANYOElectricCo.Ltd.
74#3223,0,74,3223,DSC-MZ3,SANYOElectricCo.Ltd.
74#3437,0,74,3437,VPC-MZ3GX,SANYOElectricCo.Ltd.
86#2578,0,86,2578,935SH,SHARP
160#1830,0,160,1830,524Z3DigitalCamera,YAKUMO
95#1566,0.104483871,95,1566,DCE800,BenQ
24#3596,0.28,24,3596,FinePixJZ500,FUJIFILM
58#554,0.32005,58,554,TegraCamera,NVIDIA
19#3625,0.34375,19,3625,DROIDX3da00021fff80000015d68,Motorola
5#3855,0.361666667,5,3855,SGH-I997R,SAMSUNG
5#2535,0.407142857,5,2535,GT-S8000H,SAMSUNG
3#95,0.428941829,3,95,iPhone,apple
19#3968,0.455202751,19,3968,AtrixHD,Motorola
15#1321,0.51822348,15,1321,HTCOne(M8Eye),HTC
39#1620,0.549703664,39,1620,HPPhotoSmartC935(V03.75),Hewlett-Packard
19#3601,0.584635417,19,3601,DROID2GLOBAL22280001ffd8000,Motorola
19#3972,0.594,19,3972,XT890,Motorola
19#3643,0.64453125,19,3643,MotoA95373020002ffd80000015f,Motorola
5#1977,0.71,5,1977,SM-N900K,SAMSUNG
15#1316,0.7496757,15,1316,HTCDesire816dualsim,HTC
19#4224,0.78125,19,4224,MB52563ee0002ffdc00000168021,Motorola
7#1541,0.794594595,7,1541,NEX-5C,Sony
19#4237,0.814672005,19,4237,XT925,Motorola
5#443,0.826,5,443,GT-I9300I,SAMSUNG
14#52,0.826171875,14,52,CanonEOS400DDIGITAL,Canon
5#1848,0.834285714,5,1848,SM-P601,SAMSUNG
19#3990,0.848168901,19,3990,DROIDRAZRHD,Motorola
7#2198,0.930649038,7,2198,DSC-RX1R,Sony
19#3963,0.982369675,19,3963,XT897,Motorola
24#2997,0.996666667,24,2997,FinePixA605,FUJIFILM
304#3879,1,304,3879,FS561,DNINE
325#4259,1,325,4259,FS355N,IMAGE
230#3574,1,230,3574,W21SA,KDDI-SA
230#3687,1,230,3687,W52SA,KDDI-SA
270#3321,1,270,3321,W55SA,KDDI-ST
55#488,1,55,488,SJ4000,MAKERNAME
73#3272,1,73,3272,G600,RICOH
86#3738,1.004,86,3738,SBM003SH,SHARP
5#3740,1.06,5,3740,GT-S8500T,SAMSUNG
19#3697,1.0703125,19,3697,DROID2GLOBAL3b7e0001ffd8000,Motorola
39#2689,1.078125,39,2689,HPPhotoSmartC945(V01.61),Hewlett-Packard
39#2923,1.123046875,39,2923,HPPhotoSmartR725(V01.00)d,Hewlett-Packard
5#2337,1.164666667,5,2337,SM-N9006,SAMSUNG
19#1768,1.212273849,19,1768,Milestone,Motorola
24#3750,1.26,24,3750,FinePixJV110,FUJIFILM
24#3947,1.276666667,24,3947,FinePixS3380,FUJIFILM
152#4273,1.357528739,152,4273,F-10D,Fujitsu
24#325,1.369450549,24,325,FinePixF601ZOOM,FUJIFILM
24#1704,1.371428571,24,1704,FinePixSL1000,FUJIFILM
5#509,1.388333333,5,509,SM-P600,SAMSUNG
5#4269,1.41796875,5,4269,SGH-I337,SAMSUNG
5#3630,1.43,5,3630,GT-I9000B,SAMSUNG
15#4232,1.4685985,15,4232,HTC6500LVW,HTC
19#3564,1.5546875,19,3564,DROID2GLOBAL00080001ffd8000,Motorola
5#3529,1.578759124,5,3529,SPH-D700,SAMSUNG
24#986,1.616122449,24,986,FinePixJV100,FUJIFILM
5#1972,1.654296875,5,1972,SHV-E210S,SAMSUNG
24#3962,1.68,24,3962,FinePixJ37,FUJIFILM
91#3146,1.7,91,3146,F900iC,DoCoMo
19#3548,1.71875,19,3548,MotoroiX24740022ffd80000015f,Motorola
19#2071,1.741753472,19,2071,DROIDPRO22f20001ffd800000a3,Motorola
39#3137,1.744140625,39,3137,HPPhotoSmartR818(V01.00)+,Hewlett-Packard
24#3789,1.75,24,3789,FinePixS2550HD,FUJIFILM
24#2072,1.764411765,24,2072,FinePixS1Pro,FUJIFILM
15#1324,1.765736913,15,1324,HTCOne_E8dualsim,HTC
24#2984,1.77,24,2984,FinePix2800Z,FUJIFILM
5#4210,1.77,5,4210,SHV-E300L,SAMSUNG
5#1552,1.780740741,5,1552,SAMSUNG-SM-G900A,SAMSUNG
5#4266,1.81,5,4266,GT-I9080L,SAMSUNG
39#2898,1.822265625,39,2898,HPPhotosmartM22(V01.00),Hewlett-Packard
24#2206,1.837619048,24,2206,FinePixAV110,FUJIFILM
39#2977,1.886666667,39,2977,HPPhotosmartMz60,Hewlett-Packard
5#3844,1.89,5,3844,SCH-I400,SAMSUNG
5#3502,1.928,5,3502,SGH-T959,SAMSUNG
19#3547,1.98828125,19,3547,DROID22f7e0001fff80000015d80,Motorola
18#3509,2,18,3509,KODAKEasyShareZ981Digital,EASTMANKODAKCOMPANY
5#4019,2.00390625,5,4019,SHV-E250S,SAMSUNG
7#80,2.021552795,7,80,NEX-5,Sony
86#3587,2.082,86,3587,IS03,SHARP
24#1283,2.111961722,24,1283,FinePixF60fd,FUJIFILM
24#1932,2.12,24,1932,FinePixS1900,FUJIFILM
53#471,2.126712726,53,471,Protected,Protected
5#3665,2.1325,5,3665,SGH-T959D,SAMSUNG
7#4076,2.13828125,7,4076,SonyNEX-5NwithCanonFD100,Sony
39#2794,2.15,39,2794,HPPhotosmartE217,Hewlett-Packard
5#39,2.178244275,5,39,GT-I9082,SAMSUNG
19#4009,2.1796875,19,4009,MB6114c3c0001ffd80000015ed13,Motorola
7#1412,2.2096,7,1412,DSLR-A580,Sony
5#787,2.2344,5,787,GT-I9105P,SAMSUNG
7#1542,2.260866667,7,1542,NEX-C3,Sony
39#2617,2.28,39,2617,hp635DigitalCamera,Hewlett-Packard
19#3703,2.29296875,19,3703,MB52558900002ffdc00000163c00,Motorola
5#1674,2.296756629,5,1674,SGH-T999,SAMSUNG
19#3626,2.298117898,19,3626,DROIDX5cc80001ffd80000016057,Motorola
75#3021,2.3,75,3021,Vivicam5105s,Vivitar
19#1767,2.301333333,19,1767,RAZRi,Motorola
5#3792,2.315,5,3792,SGH-I917,SAMSUNG
24#2935,2.316111111,24,2935,FinePixA820,FUJIFILM
39#2929,2.32421875,39,2929,HPPhotosmartM22(V01.00)d.,Hewlett-Packard
5#3686,2.336,5,3686,SGH-T959V,SAMSUNG
19#3917,2.34073647,19,3917,MB886,Motorola
5#2563,2.38,5,2563,GT-I9152,SAMSUNG
5#2421,2.398536585,5,2421,SHW-M250S,SAMSUNG
24#2742,2.41,24,2742,FinePixA403,FUJIFILM
24#4316,2.43,24,4316,FinePixT310,FUJIFILM
5#2390,2.472941176,5,2390,SM-N910F,SAMSUNG
7#123,2.49248366,7,123,NEX-3,Sony
39#2625,2.498046875,39,2625,HPPhotoSmartR727(V01.00)+,Hewlett-Packard
19#4193,2.5078125,19,4193,DROID2504e0001fff80000015d95,Motorola
19#3524,2.533203125,19,3524,DROID2049a0001fff80000015da4,Motorola
24#2453,2.548201893,24,2453,X-Pro1,FUJIFILM
24#139,2.56,24,139,FinePixXP10,FUJIFILM
24#624,2.56,24,624,FinePixJ15fd,FUJIFILM
24#1612,2.56,24,1612,FinePixZ35,FUJIFILM
24#2250,2.56,24,2250,FinePixJ10,FUJIFILM
24#3236,2.56,24,3236,FinePixJ12,FUJIFILM
24#3289,2.56,24,3289,FinePixJ20,FUJIFILM
24#3297,2.56,24,3297,A150,FUJIFILM
24#3304,2.56,24,3304,A100,FUJIFILM
24#3484,2.56,24,3484,FinePixJ25,FUJIFILM
24#3516,2.56,24,3516,FinePixZ37,FUJIFILM
24#4004,2.56,24,4004,FinePixJ22,FUJIFILM
24#571,2.57,24,571,X100S,FUJIFILM
39#2353,2.573939732,39,2353,HPPhotosmartR960(V01.00)+,Hewlett-Packard
19#2046,2.629427083,19,2046,DROID2GLOBAL1c080001ffd8000,Motorola
5#1978,2.642222222,5,1978,SM-N915K,SAMSUNG
15#2087,2.650252154,15,2087,HTCButterflys,HTC
39#2936,2.654947917,39,2936,HPPhotoSmartR607(V01.00)d,Hewlett-Packard
19#3589,2.655048077,19,3589,DROID2GLOBAL020c0021ffd8000,Motorola
3#1636,2.660927398,3,1636,iPadAir2,apple
24#2692,2.670444444,24,2692,FinePix2650,FUJIFILM
24#2693,2.675327869,24,2693,FinePixA205,FUJIFILM
5#2006,2.680769231,5,2006,SC-03D,SAMSUNG
7#1686,2.680924479,7,1686,NEX-VG30E,Sony
24#799,2.710677966,24,799,FinePixF810,FUJIFILM
73#1669,2.718604651,73,1669,RICOHR8,RICOH
5#3553,2.724615385,5,3553,SCH-I500,SAMSUNG
24#3773,2.730666667,24,3773,FinePixS3280,FUJIFILM
7#613,2.753082707,7,613,DSLR-A200,Sony
24#925,2.773535714,24,925,FinePixX100,FUJIFILM
39#3083,2.775333333,39,3083,HPPhotosmartM440,Hewlett-Packard
24#3835,2.78,24,3835,FinePixJX360,FUJIFILM
19#3778,2.783333333,19,3778,DROID2,Motorola
91#3111,2.79,91,3111,F700i,DoCoMo
24#3457,2.806666667,24,3457,FinePixJ27J28J29,FUJIFILM
41#3026,2.81,41,3026,ALPHASWEETDIGITAL,KONICAMINOLTA
19#2380,2.827314269,19,2380,DROID2GLOBAL,Motorola
5#3936,2.8359375,5,3936,SCH-R530U,SAMSUNG
24#2710,2.84375,24,2710,FinePixA202,FUJIFILM
19#1343,2.87109375,19,1343,MB525,Motorola
24#2782,2.889230769,24,2782,FinePixA400,FUJIFILM
7#736,2.934475524,7,736,DSLR-A300,Sony
24#3821,2.935,24,3821,FinePixJX200JX210,FUJIFILM
24#2971,2.943461538,24,2971,FinePixA805,FUJIFILM
5#4090,2.97,5,4090,SHW-M110S,SAMSUNG
73#2650,2.996052632,73,2650,CaplioR4,RICOH
5#4311,3,5,4311,GT-S7230E,SAMSUNG
24#441,3.015943396,24,441,X-T1,FUJIFILM
151#1734,3.036225577,151,1734,HTC6525LV,HT
5#1576,3.045555556,5,1576,SC-02B,SAMSUNG
19#3945,3.062988281,19,3945,MB6125cfc0001ffd900000a3ab18,Motorola
7#339,3.067548387,7,339,SLT-A55V,Sony
5#2483,3.071328125,5,2483,GT-S8530,SAMSUNG
38#1560,3.075,38,1560,DiMAGEG500,MinoltaCo.Ltd.
39#2741,3.076171875,39,2741,HPPhotoSmartR507(V01.00),Hewlett-Packard
5#2284,3.076965828,5,2284,SPH-L720,SAMSUNG
5#3777,3.081666667,5,3777,SGH-I997,SAMSUNG
73#1717,3.1025,73,1717,GRDigital,RICOH
5#3940,3.118571429,5,3940,SGH-I717,SAMSUNG
7#472,3.138113655,7,472,DSC-QX100,Sony
5#1761,3.143140496,5,1761,SM-G800F,SAMSUNG
7#1699,3.148501855,7,1699,NEX-5R,Sony
5#2210,3.175833333,5,2210,SGH-I727R,SAMSUNG
15#4058,3.1827714,15,4058,HTCONE,HTC
5#671,3.18663919,5,671,SCH-I535,SAMSUNG
7#2738,3.2,7,2738,CLIE,Sony
24#2760,3.206363636,24,2760,FinePixZ5fd,FUJIFILM
5#1979,3.207288136,5,1979,SPH-M8400,SAMSUNG
24#892,3.225735294,24,892,FinePixZ2,FUJIFILM
5#3495,3.25109375,5,3495,SGH-I897,SAMSUNG
24#3642,3.26,24,3642,FinePixJV150,FUJIFILM
39#1480,3.2734375,39,1480,HPPhotoSmartR725(V01.00),Hewlett-Packard
5#4102,3.28337546,5,4102,SGH-M919,SAMSUNG
7#915,3.294108527,7,915,DSLR-A700,Sony
5#26,3.312654155,5,26,GT-I9500,SAMSUNG
19#3932,3.31640625,19,3932,MilestoneX,Motorola
7#417,3.3296875,7,417,ILCE-5000,Sony
154#3921,3.332238806,154,3921,SIGMADP2Merrill,SIGMA
7#338,3.33610687,7,338,DSLR-A100,Sony
24#4046,3.34,24,4046,FinePixAX550,FUJIFILM
19#3885,3.349609375,19,3885,MB525047c0001ffd800000a3aac9,Motorola
24#2253,3.350980392,24,2253,FinePixM603,FUJIFILM
39#2307,3.363715278,39,2307,HPPhotoSmartC945(V01.54),Hewlett-Packard
7#409,3.366134454,7,409,DSLR-A500,Sony
24#2956,3.366136364,24,2956,FinePixS9100,FUJIFILM
15#1736,3.366152956,15,1736,HTC6525LVW,HTC
7#2074,3.383731343,7,2074,SLT-A33,Sony
24#3822,3.385,24,3822,FinePixJ40,FUJIFILM
178#2912,3.4,178,2912,Vivicam3780s,VivitarCorporation
4#2590,3.418100858,4,2590,SV-AS10,Panasonic
24#1755,3.424933333,24,1755,FinePixS2Pro,FUJIFILM
19#3693,3.43359375,19,3693,DROID26eea0001fff80000015d67,Motorola
41#1287,3.433839286,41,1287,DYNAX5D,KONICAMINOLTA
24#682,3.43955956,24,682,X-E1,FUJIFILM
24#3783,3.46,24,3783,FinePixAV200,FUJIFILM
5#701,3.463076923,5,701,SM-N910C,SAMSUNG
7#2276,3.472990654,7,2276,SLT-A35,Sony
15#1286,3.483265255,15,1286,HTCOne801e,HTC
15#1325,3.497231912,15,1325,HTCOne_M8,HTC
24#3663,3.505,24,3663,FinePixAV100,FUJIFILM
7#2243,3.508541667,7,2243,DSLR-A390,Sony
154#1751,3.515621662,154,1751,SIGMAdp2Quattro,SIGMA
19#4261,3.5234375,19,4261,MotoroiX123c0002ffd80000015f,Motorola
19#667,3.528397932,19,667,Droid,Motorola
110#2812,3.533333333,110,2812,DC-M42,Gateway
24#2732,3.544166667,24,2732,FinePixS20Pro,FUJIFILM
7#738,3.550925926,7,738,DSLR-A900,Sony
24#2614,3.551666667,24,2614,FinePix30i,FUJIFILM
24#1483,3.552112676,24,1483,FinePixF460,FUJIFILM
51#1191,3.563636364,51,1191,DS5MP,DigitalCamera
95#2404,3.575,95,2404,DCC500,BenQ
27#2360,3.587574217,27,2360,272,Hipstamatic
24#2642,3.591688312,24,2642,FinePixE510,FUJIFILM
24#2665,3.593076923,24,2665,FinePixF401,FUJIFILM
7#683,3.5975,7,683,DSLR-A230,Sony
239#2907,3.6,239,2907,AirisPhotostar3702,AirisPhotostar3702
73#3551,3.6,73,3551,CX3,RICOH
7#1106,3.614821429,7,1106,DSLR-A350,Sony
24#1281,3.619961977,24,1281,FinePixF31fd,FUJIFILM
24#3158,3.628571429,24,3158,FinePixF650,FUJIFILM
3#176,3.648403159,3,176,iPhone3GS,apple
5#3535,3.655,5,3535,GT-S8500L,SAMSUNG
5#1973,3.659910402,5,1973,SHV-E250K,SAMSUNG
7#958,3.66078532,7,958,DSC-WX9,Sony
15#36,3.663038558,15,36,HTCOne,HTC
50#414,3.663414634,50,414,DiMAGEA2,KonicaMinoltaCameraInc.
73#3131,3.665909091,73,3131,CaplioR3,RICOH
7#477,3.685829741,7,477,DSC-WX10,Sony
5#1578,3.69,5,1578,GT-I9100T,SAMSUNG
24#1119,3.693889845,24,1119,FinePixF30,FUJIFILM
41#3028,3.695517241,41,3028,ALPHA-7DIGITAL,KONICAMINOLTA
5#2140,3.711936773,5,2140,SGH-I337M,SAMSUNG
73#1496,3.715873016,73,1496,GRDIGITAL3,RICOH
24#1629,3.72,24,1629,FinePixS4000,FUJIFILM
5#1584,3.724484175,5,1584,SC-06D,SAMSUNG
24#2717,3.726304348,24,2717,FinePixS3Pro,FUJIFILM
7#737,3.74637931,7,737,DSLR-A330,Sony
5#273,3.769504586,5,273,SPH-L710,SAMSUNG
19#3659,3.782986111,19,3659,DROID2GLOBAL36900001ffd8000,Motorola
24#2297,3.78487395,24,2297,FinePixS6000fd,FUJIFILM
24#3899,3.785,24,3899,FinePixJX300,FUJIFILM
27#1587,3.795915845,27,1587,231,Hipstamatic
5#1929,3.804817708,5,1929,SCH-I939,SAMSUNG
24#375,3.822291667,24,375,FinePixF480,FUJIFILM
19#3500,3.82421875,19,3500,DROIDX2d700000fff00000015a6e,Motorola
27#498,3.827628111,27,498,226,Hipstamatic
5#4016,3.828125,5,4016,SGH-T999V,SAMSUNG
51#3166,3.85,51,3166,DC-5000DigitalCamera,DigitalCamera
24#262,3.856835443,24,262,FinePixF11,FUJIFILM
5#3987,3.857584635,5,3987,SPH-L900,SAMSUNG
7#319,3.858396226,7,319,DSLR-A550,Sony
15#1199,3.869286651,15,1199,831C,HTC
137#1520,3.878947368,137,1520,KonicaDigitalCameraKD-410Z,Konica
24#947,3.879054054,24,947,FinePixS8000fd,FUJIFILM
41#2716,3.880153846,41,2716,MAXXUM5D,KONICAMINOLTA
24#918,3.882741573,24,918,FinePixE550,FUJIFILM
19#1171,3.913541667,19,1171,DROIDX,Motorola
41#581,3.914851485,41,581,DiMAGEZ3,KONICAMINOLTA
24#990,3.932913386,24,990,FinePixA900,FUJIFILM
24#1198,3.9364,24,1198,FinePixS3100,FUJIFILM
73#2996,3.939534884,73,2996,CaplioR5,RICOH
24#186,3.94439433,24,186,FinePixS5500,FUJIFILM
5#135,3.951461538,5,135,SAMSUNG-SGH-I777,SAMSUNG
24#1817,3.975,24,1817,FinePixZ30,FUJIFILM
24#2587,3.976666667,24,2587,FinePix4700Z,FUJIFILM
73#2116,3.996341463,73,2116,CaplioG4,RICOH
7#1298,3.998223586,7,1298,DSC-WX7,Sony
21#390,4,21,390,SP-2000,FUJIPHOTOFILMCO.LTD.
21#697,4,21,697,SLP1000SE,FUJIPHOTOFILMCO.LTD.
5#4258,4,5,4258,GT-S5560,SAMSUNG
5#311,4.003095238,5,311,GT-S8500,SAMSUNG
24#836,4.008148148,24,836,FinePixF402,FUJIFILM
7#1670,4.013397854,7,1670,DSC-TX100V,Sony
27#1588,4.019748385,27,1588,251,Hipstamatic
73#2756,4.025,73,2756,CaplioRR30,RICOH
124#1396,4.026875,124,1396,WHATISIT,WHOAMI
73#1549,4.038095238,73,1549,RICOHR10,RICOH
24#2389,4.042380952,24,2389,FinePixJZ300,FUJIFILM
24#2809,4.047142857,24,2809,FinePixA205S,FUJIFILM
24#278,4.048066281,24,278,FinePixS602ZOOM,FUJIFILM
24#1796,4.062521739,24,1796,FinePixE500,FUJIFILM
3#13,4.084820814,3,13,iPhone6,apple
24#1534,4.092372881,24,1534,FinePixS2000HD,FUJIFILM
24#1282,4.093905579,24,1282,FinePixF50fd,FUJIFILM
5#216,4.107550778,5,216,GT-N7100,SAMSUNG
102#2069,4.110842105,102,2069,MI3,Xiaomi
5#4043,4.12,5,4043,SPH-D710VMUB,SAMSUNG
5#2267,4.166688012,5,2267,GT-I9305T,SAMSUNG
24#2395,4.175,24,2395,FinePixF72EXR,FUJIFILM
15#1178,4.176947563,15,1178,HTC_PN071,HTC
39#3078,4.1796875,39,3078,HPPhotoSmartC945(V01.46),Hewlett-Packard
24#3628,4.18,24,3628,FinePixAX200,FUJIFILM
5#740,4.182676056,5,740,SGH-T989,SAMSUNG
24#2222,4.184285714,24,2222,FinePixJV200,FUJIFILM
24#512,4.191111111,24,512,FinePixHS10HS11,FUJIFILM
5#7,4.193918919,5,7,GT-I9000,SAMSUNG
24#2394,4.219722222,24,2394,FinePixF500EXR,FUJIFILM
7#1471,4.230812398,7,1471,SLT-A57,Sony
24#2060,4.232193548,24,2060,FinePixS1800,FUJIFILM
24#2461,4.239726027,24,2461,X-M1,FUJIFILM
24#996,4.24125,24,996,FinePixS5000,FUJIFILM
73#2118,4.247916667,73,2118,GXRP10,RICOH
24#2771,4.255531915,24,2771,FinePixF610,FUJIFILM
5#1731,4.256,5,1731,SM-G900T,SAMSUNG
7#228,4.263665418,7,228,DSC-RX100,Sony
73#1716,4.284259259,73,1716,CaplioGX100,RICOH
24#1910,4.290335489,24,1910,FinePixF10,FUJIFILM
24#825,4.293859649,24,825,FinePixZ100fd,FUJIFILM
5#603,4.298761792,5,603,GT-I9305,SAMSUNG
24#3754,4.305,24,3754,FinePixS2850HD,FUJIFILM
5#270,4.33033165,5,270,GT-I9505,SAMSUNG
18#3619,4.333333333,18,3619,KODAKEASYSHAREC183Digital,EASTMANKODAKCOMPANY
39#2344,4.342573529,39,2344,hpphotosmart733,Hewlett-Packard
24#4072,4.342898551,24,4072,FinePixF600EXR,FUJIFILM
15#1928,4.353895313,15,1928,HTC809d,HTC
24#3400,4.367021277,24,3400,FinePixS602,FUJIFILM
73#2797,4.369047619,73,2797,CaplioGX8,RICOH
24#1945,4.369548023,24,1945,FinePix4900ZOOM,FUJIFILM
27#502,4.373425596,27,502,260,Hipstamatic
5#25,4.37455615,5,25,GT-I9300,SAMSUNG
7#1393,4.379827029,7,1393,DSC-QX10,Sony
24#1484,4.397706422,24,1484,FinePixJ30J32J38,FUJIFILM
19#3707,4.41015625,19,3707,DROIDX00260000fff80000015a93,Motorola
39#1825,4.412031646,39,1825,PhotosmartM425,Hewlett-Packard
97#1806,4.418181818,97,1806,Camera,CAMERA
3#15,4.424368758,3,15,iPhone4,apple
7#1491,4.433647539,7,1491,SLT-A37,Sony
39#2962,4.4453125,39,2962,HPPhotoSmartC945(V01.47),Hewlett-Packard
24#1852,4.4455,24,1852,FinePix4800ZOOM,FUJIFILM
39#2941,4.445714286,39,2941,HPPhotosmartM437,Hewlett-Packard
24#4197,4.45,24,4197,FinePix700,FUJIFILM
73#1548,4.471212121,73,1548,GRDIGITAL2,RICOH
27#2358,4.485238832,27,2358,270,Hipstamatic
24#1285,4.490178571,24,1285,FinePixZ20fd,FUJIFILM
24#550,4.493333333,24,550,FinePixS5700S700,FUJIFILM
39#1454,4.493529412,39,1454,HPPhotosmartM537,Hewlett-Packard
38#450,4.493650794,38,450,DiMAGE7,MinoltaCo.Ltd.
24#2381,4.495608974,24,2381,FinePixF200EXR,FUJIFILM
24#3009,4.5,24,3009,MX-600ZOOM,FUJIFILM
61#622,4.5,61,622,NexusS,Google
38#2197,4.505633803,38,2197,DiMAGE7Hi,MinoltaCo.Ltd.
3#460,4.536836551,3,460,iPadmini,apple
5#981,4.540039063,5,981,SGH-I317M,SAMSUNG
24#2343,4.541,24,2343,FinePix4700ZOOM,FUJIFILM
50#1494,4.548863636,50,1494,DiMAGEZ2,KonicaMinoltaCameraInc.
7#1461,4.561598846,7,1461,DSC-RX1,Sony
5#1974,4.562325581,5,1974,SHV-E300K,SAMSUNG
96#1025,4.564556962,96,1025,KonicaDigitalCameraKD-400Z,KonicaCorporation
3#32,4.57316183,3,32,iPhone6Plus,apple
38#1432,4.576785714,38,1432,DiMAGEX20,MinoltaCo.Ltd.
24#1590,4.57699115,24,1590,FinePixS5800S800,FUJIFILM
5#3922,4.580543155,5,3922,SGH-I747M,SAMSUNG
24#2856,4.58125,24,2856,FinePixA200,FUJIFILM
7#1664,4.583376736,7,1664,ILCE-3000,Sony
7#444,4.589233862,7,444,DSC-TX66,Sony
24#2282,4.597793427,24,2282,FinePixF20,FUJIFILM
5#1604,4.607603843,5,1604,SAMSUNG-SGH-I317,SAMSUNG
7#684,4.60932583,7,684,SLT-A58,Sony
24#861,4.610588235,24,861,FinePixA203,FUJIFILM
5#377,4.611034483,5,377,SGH-I727,SAMSUNG
24#2966,4.644,24,2966,FinePixF45fd,FUJIFILM
24#2364,4.649784173,24,2364,X-E2,FUJIFILM
5#1969,4.64983871,5,1969,EK-KC120S,SAMSUNG
5#2502,4.667176943,5,2502,SC-02E,SAMSUNG
7#2275,4.66722405,7,2275,DSC-HX7V,Sony
24#621,4.670173913,24,621,FinePixS5Pro,FUJIFILM
24#1284,4.677609271,24,1284,FinePixZ1,FUJIFILM
39#1079,4.689777359,39,1079,HPPhotoSmartR707(V01.00)+,Hewlett-Packard
24#549,4.691666667,24,549,FinePixS2000HDS2100HD,FUJIFILM
38#2589,4.70625,38,2589,DiMAGEF200,MinoltaCo.Ltd.
38#326,4.721538462,38,326,DiMAGE7i,MinoltaCo.Ltd.
7#1886,4.721829268,7,1886,DSLR-A380,Sony
5#887,4.728580786,5,887,GT-N7000,SAMSUNG
24#3752,4.73,24,3752,FinePixAX300,FUJIFILM
7#90,4.733808734,7,90,DSC-WX50,Sony
7#1045,4.742251207,7,1045,NEX-F3,Sony
24#3837,4.743333333,24,3837,FinePixF300EXR,FUJIFILM
5#4195,4.758,5,4195,SCH-R760,SAMSUNG
5#2044,4.76002849,5,2044,SM-N900,SAMSUNG
73#1535,4.770909091,73,1535,CaplioR7,RICOH
7#212,4.771018839,7,212,NEX-5N,Sony
24#2339,4.778947368,24,2339,X10,FUJIFILM
24#396,4.781081081,24,396,FinePixS100FS,FUJIFILM
24#2591,4.787901235,24,2591,FinePixS5100,FUJIFILM
24#2944,4.794545455,24,2944,FinePixA920,FUJIFILM
24#2765,4.796666667,24,2765,FinePixA204,FUJIFILM
24#4157,4.8,24,4157,FinePixZ1000EXR,FUJIFILM
73#3668,4.8,73,3668,GXRA12,RICOH
24#1280,4.805517241,24,1280,FinePixA303,FUJIFILM
39#2998,4.872727273,39,2998,HPPhotosmartR740,Hewlett-Packard
24#3047,4.877777778,24,3047,MX-1200,FUJIFILM
7#618,4.891194282,7,618,DSC-RX100M2,Sony
41#1142,4.89137931,41,1142,DiMAGEX50,KONICAMINOLTA
154#1750,4.896,154,1750,SIGMADP1Merrill,SIGMA
113#1225,4.897115385,113,1225,DiMAGEG600,KonicaMinoltaPhotoImaging
24#2885,4.906896552,24,2885,FinePixF410,FUJIFILM
5#221,4.915173077,5,221,SM-N9005,SAMSUNG
39#2200,4.916381836,39,2200,HPPhotoSmartC945(V01.53),Hewlett-Packard
24#2834,4.918461538,24,2834,FinePixF440,FUJIFILM
24#474,4.919814189,24,474,FinePixF100fd,FUJIFILM
5#3660,4.92,5,3660,SGH-i896,SAMSUNG
24#2894,4.942857143,24,2894,FinePix1400Zoom,FUJIFILM
62#2858,4.95,62,2858,digiluxzoom,LEICA
24#2729,4.9675,24,2729,FinePixF420,FUJIFILM
7#1188,4.967912371,7,1188,NEX-6,Sony
15#777,4.968275,15,777,HTCDesireEYE,HTC
19#2148,4.974878368,19,2148,MB52573ac0022ffdc00000163af9,Motorola
7#676,4.975710507,7,676,DSC-WX150,Sony
73#2135,4.983050847,73,2135,CaplioG3modelM,RICOH
5#317,4.985966667,5,317,GT-I9100,SAMSUNG
24#2484,4.987522523,24,2484,FinePixHS20EXR,FUJIFILM
24#2645,4.99,24,2645,FinePixA101,FUJIFILM
15#4111,4.992897045,15,4111,HTC802d,HTC
41#2697,4.997674419,41,2697,DiMAGEZ5,KONICAMINOLTA
24#610,5,24,610,FinePixS1500,FUJIFILM
24#823,5,24,823,FinePixS1000fd,FUJIFILM
24#2973,5,24,2973,FinePixA370,FUJIFILM
24#3184,5,24,3184,A850,FUJIFILM
24#3187,5,24,3187,A860,FUJIFILM
24#3305,5,24,3305,FinePixJ210,FUJIFILM
24#3317,5,24,3317,FinePixJ150W,FUJIFILM
24#3391,5,24,3391,FinePixJ110W,FUJIFILM
24#3573,5,24,3573,FinePixJ120,FUJIFILM
153#3858,5,153,3858,E1255W,GeneralImagingCo.
51#447,5.011428571,51,447,ND-5040DigitalCamera,DigitalCamera
24#3647,5.017777778,24,3647,FinePixREAL3DW3,FUJIFILM
7#742,5.017818406,7,742,DSC-HX20V,Sony
24#2711,5.021764706,24,2711,FinePix40i,FUJIFILM
24#837,5.025510204,24,837,FinePixZ10fd,FUJIFILM
24#1772,5.028915663,24,1772,FinePixAV150,FUJIFILM
38#265,5.029032258,38,265,DiMAGES414,MinoltaCo.Ltd.
41#2582,5.02952381,41,2582,MAXXUM7D,KONICAMINOLTA
24#4026,5.03,24,4026,FinePixT400,FUJIFILM
24#4132,5.03,24,4132,FinePixS2940/Walmart,FUJIFILM
5#673,5.037185185,5,673,SM-G900V,SAMSUNG
24#2916,5.04,24,2916,FinePixA201,FUJIFILM
24#2963,5.051020408,24,2963,FinePixA510,FUJIFILM
5#541,5.053241107,5,541,SM-G900F,SAMSUNG
41#1918,5.060864198,41,1918,DYNAX7D,KONICAMINOLTA
5#744,5.075,5,744,GT-I8700,SAMSUNG
24#3504,5.076875,24,3504,FinePixAX280,FUJIFILM
19#3981,5.083864796,19,3981,MB612,Motorola
5#1798,5.08601447,5,1798,GT-N7105,SAMSUNG
5#703,5.089342806,5,703,EK-GC100,SAMSUNG
5#388,5.09372093,5,388,SPH-D710,SAMSUNG
24#2727,5.096142857,24,2727,FinePixA600,FUJIFILM
24#2440,5.112439024,24,2440,FinePixZ80,FUJIFILM
24#970,5.1275,24,970,FinePixS7000,FUJIFILM
24#2768,5.136842105,24,2768,FinePix6900ZOOM,FUJIFILM
39#2352,5.155913978,39,2352,HPPhotosmartE317,Hewlett-Packard
24#1626,5.163656716,24,1626,FinePixS6500fd,FUJIFILM
24#2640,5.176875,24,2640,FinePix3800,FUJIFILM
5#3672,5.184432359,5,3672,SCH-I510,SAMSUNG
24#2174,5.185393258,24,2174,FinePixS8100fd,FUJIFILM
24#129,5.195555556,24,129,FinePixF470,FUJIFILM
5#2091,5.202222222,5,2091,GT-I9001,SAMSUNG
27#1091,5.206929719,27,1091,261,Hipstamatic
5#1842,5.217853001,5,1842,GT-i8910,SAMSUNG
38#792,5.221052632,38,792,DiMAGEXt,MinoltaCo.Ltd.
3#3617,5.23567222,3,3617,iPad2,apple
5#2261,5.245758512,5,2261,SC-04E,SAMSUNG
7#1544,5.250852273,7,1544,DSC-TX30,Sony
24#3645,5.255,24,3645,FinePixAX245w,FUJIFILM
7#3490,5.258166667,7,3490,DSLR-A290,Sony
73#2651,5.261428571,73,2651,CaplioGX,RICOH
19#3632,5.263020833,19,3632,DROIDX60420001ffd800000a3a95,Motorola
5#672,5.268836806,5,672,SCH-I605,SAMSUNG
5#2094,5.27,5,2094,SGH-I717D,SAMSUNG
39#1080,5.279187694,39,1080,HPPhotoSmartR707(V01.00),Hewlett-Packard
73#1737,5.288764045,73,1737,GRDIGITAL4,RICOH
24#1908,5.296530612,24,1908,FinePixA340,FUJIFILM
36#305,5.3,36,305,GR,PENTAXRICOHIMAGING
39#3041,5.3022,39,3041,HPPhotosmartM540,Hewlett-Packard
24#2796,5.314347826,24,2796,FinePixS9000,FUJIFILM
24#1235,5.320297872,24,1235,FinePixS1730,FUJIFILM
39#1691,5.321226729,39,1691,HPPhotoSmartR607(V01.00),Hewlett-Packard
7#490,5.335761895,7,490,DSC-HX50V,Sony
3#4,5.33592153,3,4,iPhone5,apple
7#1517,5.336652132,7,1517,DSC-HX200V,Sony
7#306,5.340355985,7,306,ILCE-6000,Sony
39#2177,5.354545455,39,2177,HPPhotosmartE327,Hewlett-Packard
73#2122,5.357142857,73,2122,CaplioG4wide,RICOH
24#2937,5.36037037,24,2937,FinePixA800,FUJIFILM
7#66,5.362442242,7,66,ILCE-7,Sony
50#1056,5.371666667,50,1056,DiMAGEXg,KonicaMinoltaCameraInc.
51#2666,5.376923077,51,2666,DigitalCamera,DigitalCamera
38#1039,5.380898876,38,1039,DiMAGEZ1,MinoltaCo.Ltd.
7#229,5.381894003,7,229,NEX-3N,Sony
3#34,5.386185494,3,34,iPhone5s,apple
7#432,5.390893992,7,432,NEX-7,Sony
3#31,5.39181586,3,31,iPhone4S,apple
24#1719,5.395112847,24,1719,FinePixS304,FUJIFILM
3#1082,5.395366007,3,1082,iPodtouch,apple
24#1564,5.402792793,24,1564,FinePixS2950,FUJIFILM
24#2713,5.405102041,24,2713,FinePixS5200,FUJIFILM
24#1611,5.416666667,24,1611,FinePixA345,FUJIFILM
5#980,5.41875,5,980,GT-I9100M,SAMSUNG
50#478,5.419178082,50,478,DiMAGEG400,KonicaMinoltaCameraInc.
24#3788,5.438333333,24,3788,FinePixS3200,FUJIFILM
73#2661,5.44,73,2661,CaplioRX,RICOH
73#1095,5.450393701,73,1095,RICOHGX200,RICOH
24#1197,5.462914286,24,1197,FinePixS3000,FUJIFILM
24#4189,5.47,24,4189,FinePixAX250,FUJIFILM
7#1529,5.473256775,7,1529,DSC-HX10V,Sony
19#3823,5.48046875,19,3823,MB52501580002ffdc00000167f93,Motorola
7#86,5.482118443,7,86,SLT-A77V,Sony
24#1294,5.502592593,24,1294,FinePixJ50,FUJIFILM
24#2142,5.508039216,24,2142,FinePixJX370,FUJIFILM
24#1143,5.508125,24,1143,FinePixJV160,FUJIFILM
24#989,5.508285714,24,989,FinePixA210,FUJIFILM
24#4160,5.52,24,4160,FinePixHS50EXR,FUJIFILM
24#2817,5.522758621,24,2817,FinePixV10,FUJIFILM
5#256,5.527307692,5,256,SM-N900V,SAMSUNG
15#1805,5.534072243,15,1805,HTCOnemini,HTC
7#2268,5.534310345,7,2268,DSLR-A850,Sony
154#3814,5.536956522,154,3814,SIGMASD1Merrill,SIGMA
19#1803,5.544471154,19,1803,A853,Motorola
27#500,5.545601597,27,500,236,Hipstamatic
24#2466,5.551363636,24,2466,FinePixS4200,FUJIFILM
5#134,5.556069712,5,134,SAMSUNG-SGH-I337,SAMSUNG
7#510,5.564245401,7,510,DSC-HX50,Sony
3#598,5.565674067,3,598,iPadAir,apple
18#2064,5.571428571,18,2064,KODAKEASYSHAREC143Digital,EASTMANKODAKCOMPANY
24#2791,5.572,24,2791,FinePix2300,FUJIFILM
7#786,5.576169727,7,786,DSC-HX9V,Sony
3#63,5.578866052,3,63,iPad,apple
41#2162,5.601282051,41,2162,DiMAGEZ10,KONICAMINOLTA
39#2604,5.6015625,39,2604,HPPhotoSmartR717(V01.00)+,Hewlett-Packard
24#1863,5.607571429,24,1863,FinePixS8200,FUJIFILM
24#2459,5.614038462,24,2459,FinePixS2980,FUJIFILM
39#1428,5.618603888,39,1428,HPPhotoSmartR707(V01.00)d,Hewlett-Packard
24#2786,5.6225,24,2786,FinePixA700,FUJIFILM
5#77,5.624112216,5,77,SCH-I545,SAMSUNG
24#2468,5.634027778,24,2468,FinePix2600Zoom,FUJIFILM
19#3578,5.642578125,19,3578,DROIDX02a20001fff80000015d7d,Motorola
24#1785,5.645132743,24,1785,FinePixS4400,FUJIFILM
24#2702,5.647894737,24,2702,FinePixF450,FUJIFILM
73#2214,5.652777778,73,2214,CaplioR2,RICOH
41#1328,5.659210526,41,1328,DiMAGEZ6,KONICAMINOLTA
24#745,5.675,24,745,FinePixS6800,FUJIFILM
39#3689,5.7109375,39,3689,HPPhotosmartM23(V01.00),Hewlett-Packard
38#2616,5.725,38,2616,DiMAGEA1,MinoltaCo.Ltd.
7#1216,5.730811474,7,1216,SLT-A65V,Sony
7#750,5.731139082,7,750,DSC-WX100,Sony
24#2644,5.735777778,24,2644,FinePix2800ZOOM,FUJIFILM
3#87,5.743281484,3,87,iPhone5c,apple
24#3909,5.75,24,3909,FinePixS2940WM,FUJIFILM
5#511,5.755695067,5,511,SM-C101,SAMSUNG
24#3851,5.76,24,3851,FinePixAX350,FUJIFILM
178#2121,5.763636364,178,2121,V3935DigitalCamera,VivitarCorporation
24#3612,5.7775,24,3612,FinePixS2800HD,FUJIFILM
37#258,5.793584333,37,258,Cymera,SKcommunications
39#2828,5.803013393,39,2828,HPPhotoSmartC945(V01.60),Hewlett-Packard
24#2452,5.817590909,24,2452,X20,FUJIFILM
41#1696,5.833333333,41,1696,DiMAGEA200,KONICAMINOLTA
24#919,5.873111111,24,919,FinePixS9600,FUJIFILM
5#1018,5.9,5,1018,GT-P1000,SAMSUNG
7#2010,5.900603693,7,2010,SLT-A99V,Sony
7#2332,5.905078125,7,2332,DSC-WX30,Sony
24#874,5.929863014,24,874,FinePixA330,FUJIFILM
24#2143,5.932142857,24,2143,FinePixJX400,FUJIFILM
5#2019,5.934851395,5,2019,GT-M8800,SAMSUNG
39#1567,5.935709635,39,1567,HPPhotoSmartR927(V01.00)+,Hewlett-Packard
24#1160,5.946321244,24,1160,FinePixF40fd,FUJIFILM
24#1460,5.949375,24,1460,FinePixT300,FUJIFILM
19#3711,5.953125,19,3711,DROID2GLOBAL3fa60001ffd8000,Motorola
27#2359,5.956297752,27,2359,271,Hipstamatic
24#3920,5.96,24,3920,FinePixF550EXR,FUJIFILM
24#1038,5.966666667,24,1038,FinePixS1700,FUJIFILM
24#2442,5.995267176,24,2442,FinePixS4500,FUJIFILM
39#2054,5.998029891,39,2054,HPPhotoSmartR607(V01.00)+,Hewlett-Packard
24#1005,6,24,1005,FinePixA350,FUJIFILM
202#3033,6,202,3033,DS6639,OregonScientific
5#3603,6,5,3603,SGH-T849,SAMSUNG
24#991,6.0032,24,991,FinePixS5600,FUJIFILM
24#2065,6.016290323,24,2065,FinePixS1600,FUJIFILM
24#3429,6.018556701,24,3429,FinePixS200EXR,FUJIFILM
39#3051,6.0224,39,3051,HPPhotosmartE330,Hewlett-Packard
24#3706,6.028888889,24,3706,FinePixS2750HD,FUJIFILM
39#1521,6.029641544,39,1521,HPPhotoSmartC945(V01.67),Hewlett-Packard
24#2160,6.031301775,24,2160,X-S1,FUJIFILM
5#1492,6.031481481,5,1492,GT-I9100P,SAMSUNG
19#3878,6.033408717,19,3878,DROID231fc0001fff80000015d67,Motorola
24#2723,6.038659794,24,2723,FinePixA500,FUJIFILM
24#1131,6.040191571,24,1131,FinePixF700,FUJIFILM
24#2746,6.044098361,24,2746,FinePixA610,FUJIFILM
39#1152,6.044767681,39,1152,HPPhotoSmartR927(V01.00),Hewlett-Packard
39#283,6.049640625,39,283,HPPhotosmartM630,Hewlett-Packard
250#1270,6.05,250,1270,DSC,DSC_Maker
5#2393,6.060972045,5,2393,SAMSUNG-SGH-I747,SAMSUNG
27#501,6.067195282,27,501,256,Hipstamatic
27#1589,6.071413194,27,1589,252,Hipstamatic
15#2086,6.0728064,15,2086,HTC0PFH11,HTC
24#922,6.076823529,24,922,FinePixS9500,FUJIFILM
27#1092,6.078910246,27,1092,262,Hipstamatic
73#3316,6.085714286,73,3316,CaplioR30,RICOH
39#2565,6.091470588,39,2565,HPPhotoSmartC812(V09.33),Hewlett-Packard
73#3112,6.1,73,3112,CaplioR1V,RICOH
24#3460,6.103478261,24,3460,FujifilmA220A230,FUJIFILM
39#2218,6.104765625,39,2218,HPPhotoSmartR817(V01.00),Hewlett-Packard
73#2685,6.125,73,2685,CaplioR1,RICOH
7#1651,6.129845412,7,1651,DSC-HX300,Sony
5#4006,6.135,5,4006,SGH-T989D,SAMSUNG
24#3811,6.138571429,24,3811,FinePixS2960,FUJIFILM
42#305,6.153125,42,305,GR,RICOHIMAGINGCOMPANYLTD.
62#3080,6.1635,62,3080,digilux4.3,LEICA
7#114,6.174640022,7,114,DSC-HX100V,Sony
39#3207,6.177083333,39,3207,HPPhotoSmartR818(V01.00),Hewlett-Packard
7#3919,6.19296875,7,3919,MODEL-NAME,Sony
24#3480,6.216486486,24,3480,FinePix4500,FUJIFILM
27#1242,6.217871053,27,1242,265,Hipstamatic
27#1673,6.236059434,27,1673,230,Hipstamatic
203#2437,6.238230769,203,2437,Spca533,Sunplus
7#332,6.242609069,7,332,NEX-5T,Sony
73#2463,6.244444444,73,2463,CX2,RICOH
24#2141,6.2659375,24,2141,FinePixJX250,FUJIFILM
24#1524,6.27375,24,1524,FinePixAX560,FUJIFILM
24#4010,6.279041096,24,4010,FinePixS4300,FUJIFILM
24#2636,6.285180723,24,2636,FinePixA310,FUJIFILM
24#1559,6.289333333,24,1559,FinePixF455,FUJIFILM
24#3127,6.292280702,24,3127,FinePixF601,FUJIFILM
73#3178,6.333333333,73,3178,CaplioG3modelS,RICOH
19#4292,6.33984375,19,4292,MB526,Motorola
39#2914,6.34375,39,2914,HPPhotoSmartC945(V01.39),Hewlett-Packard
38#775,6.35,38,775,DiMAGEF300,MinoltaCo.Ltd.
24#578,6.351428571,24,578,FinePix6800ZOOM,FUJIFILM
24#3292,6.354545455,24,3292,FinePix1500,FUJIFILM
24#1249,6.358730159,24,1249,FinePixZ33WP,FUJIFILM
39#2092,6.362980769,39,2092,HPPhotoSmartR717(V01.00),Hewlett-Packard
24#3977,6.383333333,24,3977,FinePixT200,FUJIFILM
5#1456,6.39375,5,1456,SM-G900H,SAMSUNG
24#2232,6.402631579,24,2232,FinePixS2500HD,FUJIFILM
24#2204,6.417241379,24,2204,FinePixSL300,FUJIFILM
24#2949,6.423333333,24,2949,FinePixA607,FUJIFILM
24#2460,6.446923077,24,2460,FinePixSL260,FUJIFILM
7#677,6.448401283,7,677,DSC-WX350,Sony
39#2201,6.454,39,2201,HPPhotosmartE427,Hewlett-Packard
7#674,6.487774493,7,674,DSC-RX100M3,Sony
7#752,6.493523023,7,752,DSC-HX30V,Sony
41#288,6.496721311,41,288,DiMAGEX60,KONICAMINOLTA
39#1479,6.501213121,39,1479,HPPhotosmartR960(V01.00),Hewlett-Packard
38#880,6.523809524,38,880,DiMAGEXi,MinoltaCo.Ltd.
24#835,6.523878788,24,835,FinePixF70EXR,FUJIFILM
24#3767,6.536,24,3767,FinePixS3400,FUJIFILM
38#355,6.556,38,355,DiMAGEF100,MinoltaCo.Ltd.
24#3061,6.568893229,24,3061,FinePixF710,FUJIFILM
41#1801,6.570588235,41,1801,DiMAGEX1,KONICAMINOLTA
5#1871,6.584472656,5,1871,SGH-T889,SAMSUNG
24#644,6.588083333,24,644,FinePixHS30EXR,FUJIFILM
5#2455,6.602954545,5,2455,EK-GC110,SAMSUNG
73#2131,6.609375,73,2131,CX1,RICOH
24#906,6.64477707,24,906,FinePix2400Zoom,FUJIFILM
24#487,6.646111111,24,487,FinePixXP50,FUJIFILM
24#4018,6.654666667,24,4018,FinePixAX500,FUJIFILM
5#2045,6.67990991,5,2045,SM-N910U,SAMSUNG
19#3607,6.6953125,19,3607,DROIDX61e40001fff80000015d9b,Motorola
24#3883,6.7,24,3883,FujifilmA160,FUJIFILM
41#2722,6.711428571,41,2722,DiMAGEZ20,KONICAMINOLTA
24#1046,6.7125,24,1046,FinePix50i,FUJIFILM
19#4262,6.71875,19,4262,MB52527e40002ffdc00000163b70,Motorola
73#1290,6.728947368,73,1290,CaplioR6,RICOH
50#2629,6.733333333,50,2629,DiMAGEX21,KonicaMinoltaCameraInc.
7#93,6.733423295,7,93,DSC-WX300,Sony
24#2670,6.760232558,24,2670,FinePixE900,FUJIFILM
39#933,6.7775,39,933,hpphotosmart735,Hewlett-Packard
156#3819,6.8,156,3819,PDR-M1,TOSHIBA
24#120,6.820555556,24,120,FinePixF770EXR,FUJIFILM
24#4103,6.83,24,4103,FinePixXP170,FUJIFILM
154#3671,6.905,154,3671,SIGMASD1,SIGMA
27#1090,6.920486179,27,1090,255,Hipstamatic
7#863,6.930853939,7,863,DSC-TX10,Sony
41#1756,6.948888889,41,1756,DiMAGEX31,KONICAMINOLTA
19#3649,6.94921875,19,3649,DROIDX2e7c0002ffd80000015f0c,Motorola
5#2273,6.965,5,2273,SM-G900FD,SAMSUNG
24#2057,6.965454545,24,2057,FinePixS3300,FUJIFILM
310#4,6.972551466,310,4,iPhone5,Lotogram
24#2674,6.9945,24,2674,FinePix1300,FUJIFILM
73#4171,7,73,4171,G700SE,RICOH
7#732,7.009825029,7,732,DSC-TX20,Sony
310#15,7.042346407,310,15,iPhone4,Lotogram
73#3450,7.05,73,3450,GXR,RICOH
24#2633,7.075,24,2633,MX-1700ZOOM,FUJIFILM
24#2909,7.098,24,2909,FinePixA120,FUJIFILM
24#1924,7.107758621,24,1924,FinePixS3500,FUJIFILM
24#2406,7.114754098,24,2406,MX-1500,FUJIFILM
27#1093,7.115584695,27,1093,267,Hipstamatic
24#3774,7.131428571,24,3774,FinePixL50,FUJIFILM
24#2677,7.164666667,24,2677,FinePixA405,FUJIFILM
18#1302,7.2,18,1302,KODAKEASYSHAREC195Digital,EASTMANKODAKCOMPANY
24#3438,7.2,24,3438,FinePixZ200fd,FUJIFILM
7#2300,7.248370296,7,2300,DSC-HX400V,Sony
7#2037,7.270511968,7,2037,DSC-TX300V,Sony
24#2888,7.277777778,24,2888,MX-2700,FUJIFILM
73#2138,7.2875,73,2138,CX5,RICOH
24#2067,7.315,24,2067,FinePixS1850,FUJIFILM
24#4211,7.32,24,4211,FinePixF660EXR,FUJIFILM
27#1207,7.366687116,27,1207,250,Hipstamatic
24#3805,7.402413793,24,3805,FinePixXP20,FUJIFILM
44#408,7.410241379,44,408,DS309,
139#1572,7.444117647,139,1572,x530,Polaroid
39#4083,7.4765625,39,4083,HPPhotoSmartC945(V01.66),Hewlett-Packard
24#3019,7.5,24,3019,FinePixA360,FUJIFILM
73#2839,7.5,73,2839,CaplioProG3,RICOH
24#4280,7.51,24,4280,FinePixJX420,FUJIFILM
24#4116,7.513333333,24,4116,FinePixS4800,FUJIFILM
19#4274,7.5234375,19,4274,DROIDX13b20021fff80000015d9e,Motorola
24#4062,7.54,24,4062,FinePixHS25EXR,FUJIFILM
24#3845,7.575,24,3845,FinePixAV10,FUJIFILM
18#1303,7.625,18,1303,KODAKEASYSHAREM531Digital,EASTMANKODAKCOMPANY
75#2847,7.65,75,2847,Vivicam3915,Vivitar
313#4060,7.664309484,313,4060,PureShotforiPhone,Jag.gr
24#4007,7.675,24,4007,FinePixJX500,FUJIFILM
24#3423,7.69,24,3423,FujifilmA235,FUJIFILM
24#4152,7.705,24,4152,FinePixJX550,FUJIFILM
39#1745,7.775620404,39,1745,HPPhotoSmartR817(V01.00)+,Hewlett-Packard
7#743,7.779313151,7,743,ILCA-77M2,Sony
19#3916,7.783203125,19,3916,MotoroiX32ae0001fff80000015a,Motorola
19#3680,7.859375,19,3680,DROID267380001ffd80000015daa,Motorola
27#499,7.863629414,27,499,235,Hipstamatic
19#3681,7.8828125,19,3681,DROIDX2cae0001ffd80000015da0,Motorola
5#4085,7.92,5,4085,SGH-S959G,SAMSUNG
24#3904,7.945,24,3904,FinePixS4080,FUJIFILM
7#4142,7.978125,7,4142,DSC-TX55,Sony
7#2244,7.98828125,7,2244,DSC-HX200,Sony
139#2757,8,139,2757,PolaroidPDC3050,Polaroid
24#3911,8.02,24,3911,FinePixJX530,FUJIFILM
39#3360,8.03125,39,3360,HPPhotoSmartC945(V01.75),Hewlett-Packard
19#4276,8.0390625,19,4276,MotoA953073c0001fff80000015e,Motorola
24#4252,8.057777778,24,4252,FinePixAV220,FUJIFILM
19#3927,8.072823661,19,3927,DROIDX351c0001fff80000015d94,Motorola
5#2356,8.09754386,5,2356,GT-I8000,SAMSUNG
39#2808,8.10546875,39,2808,HPPhotoSmartC945(V01.45),Hewlett-Packard
7#524,8.12078125,7,524,DSC-WX80,Sony
24#2955,8.148536585,24,2955,FinePixF47fd,FUJIFILM
19#3563,8.1875,19,3563,DROIDX5d920001fff80000015a9c,Motorola
24#3826,8.196666667,24,3826,FinePixXP30,FUJIFILM
24#4114,8.24,24,4114,FinePixF800EXR,FUJIFILM
7#2136,8.294205729,7,2136,DSC-HX60V,Sony
19#4205,8.3359375,19,4205,ME811,Motorola
51#2775,8.391666667,51,2775,ND-5020DigitalCamera,DigitalCamera
5#1754,8.43,5,1754,GT-S8000,SAMSUNG
27#1243,8.449267839,27,1243,266,Hipstamatic
24#4287,8.521,24,4287,FinePixZ90,FUJIFILM
39#1166,8.582682292,39,1166,HPPhotoSmartC935(V03.67),Hewlett-Packard
7#3908,8.62,7,3908,NEX-00,Sony
39#1459,8.62093099,39,1459,HPPhotoSmartC850(V05.31),Hewlett-Packard
7#2199,8.640920608,7,2199,DSC-WX200,Sony
19#1240,8.681919643,19,1240,DROIDX35800001ffd800000a3a4c,Motorola
19#4301,8.703125,19,4301,DROIDX505e0001ffd800000a3a9c,Motorola
24#3133,8.733333333,24,3133,DX-10,FUJIFILM
7#3893,8.79,7,3893,DSLR-A450,Sony
19#3570,8.802734375,19,3570,DROIDX0ccc0002ffd80000015f12,Motorola
19#3598,8.849609375,19,3598,DROID2GLOBAL044a0021ffd8000,Motorola
24#3926,8.96,24,3926,FinePixSL240,FUJIFILM
24#4202,9.02,24,4202,FinePixL30,FUJIFILM
24#2703,9.03,24,2703,FinePix4900Z,FUJIFILM
19#3657,9.04296875,19,3657,DROID2GLOBAL025e0001ffd8000,Motorola
24#4178,9.1,24,4178,FinePixZ900EXR,FUJIFILM
5#4080,9.208,5,4080,SHV-E160S,SAMSUNG
39#2450,9.378580729,39,2450,HPPhotoSmartC850(V07.27),Hewlett-Packard
39#2671,9.390625,39,2671,HPPhotoSmartC945(V01.68),Hewlett-Packard
165#95,9.448104516,165,95,iPhone,Apple+ProHDR
24#3884,9.495,24,3884,FinePixJZ510,FUJIFILM
39#3240,9.54296875,39,3240,HPPhotoSmartR507(V01.00)+,Hewlett-Packard
24#572,9.548571429,24,572,FinePix2200,FUJIFILM
19#3592,9.6796875,19,3592,DROIDX6a0e0001ffd80000015dc2,Motorola
75#2845,9.833333333,75,2845,Vivicam3815,Vivitar
5#2550,10.12109375,5,2550,GT-I9300T,SAMSUNG
24#4277,10.1525,24,4277,FinePixF80EXR,FUJIFILM
165#63,10.25279851,165,63,iPad,Apple+ProHDR
140#1585,10.42958952,140,1585,HuelessoniPhone,CuriousSatellite
7#3907,10.62,7,3907,SLT-A00,Sony
95#3260,10.8,95,3260,DCE30,BenQ
24#4294,10.8,24,4294,FinePixXP60,FUJIFILM
24#4181,10.93,24,4181,FinePixXP55/Walmart,FUJIFILM
24#3860,11.14,24,3860,FinePixHS22EXR,FUJIFILM
229#2757,13.09722222,229,2757,PolaroidPDC3050,WWL
